,Entity,Code,Year,current_exp,gdp_per_cap,Continent
0,Afghanistan,AFG,1985,45.566,282,Asia
1,Afghanistan,AFG,1995,53.055,189,Asia
2,Afghanistan,AFG,2005,58.5,264,Asia
3,Afghanistan,AFG,2010,61.226,558,Asia
4,Afghanistan,AFG,2014,62.895,651,Asia
5,Afghanistan,AFG,2015,63.288,611,Asia
6,Afghanistan,AFG,2016,63.673,584,Asia
7,Africa,AR,1985,51.23,927,Africa
8,Africa,AR,1995,51.928,800,Africa
9,Africa,AR,2005,55.167,1213,Africa
10,Africa,AR,2010,58.678,1859,Africa
11,Africa,AR,2014,60.988,2145,Africa
12,Africa,AR,2015,61.457,1918,Africa
13,Africa,AR,2016,61.883,1752,Africa
14,Albania,ALB,1985,71.388,783,Europe
15,Albania,ALB,1995,72.205,770,Europe
16,Albania,ALB,2005,75.217,2615,Europe
17,Albania,ALB,2010,76.652,4056,Europe
18,Albania,ALB,2014,77.963,4529,Europe
19,Albania,ALB,2015,78.174,3877,Europe
20,Albania,ALB,2016,78.345,4054,Europe
21,Algeria,DZA,1985,64.113,2564,Africa
22,Algeria,DZA,1995,68.115,1452,Africa
23,Algeria,DZA,2005,72.767,3100,Africa
24,Algeria,DZA,2010,74.676,4463,Africa
25,Algeria,DZA,2014,75.641,5466,Africa
26,Algeria,DZA,2015,75.86,4160,Africa
27,Algeria,DZA,2016,76.078,3917,Africa
28,Angola,AGO,1985,41.193,860,Africa
29,Angola,AGO,1995,43.125,466,Africa
30,Angola,AGO,2005,52.833,1891,Africa
31,Angola,AGO,2010,58.192,3586,Africa
32,Angola,AGO,2014,60.858,5413,Africa
33,Angola,AGO,2015,61.241,4133,Africa
34,Angola,AGO,2016,61.547,3711,Africa
35,Antigua and Barbuda,ATG,1985,70.187,3508,Northern America
36,Antigua and Barbuda,ATG,1995,72.44,7841,Northern America
37,Antigua and Barbuda,ATG,2005,74.544,11372,Northern America
38,Antigua and Barbuda,ATG,2010,75.412,12127,Northern America
39,Antigua and Barbuda,ATG,2014,76.05,12947,Northern America
40,Antigua and Barbuda,ATG,2015,76.207,13659,Northern America
41,Antigua and Barbuda,ATG,2016,76.364,14462,Northern America
42,Argentina,ARG,1985,70.623,3144,South America
43,Argentina,ARG,1995,72.719,7993,South America
44,Argentina,ARG,2005,74.775,5125,South America
45,Argentina,ARG,2010,75.595,10346,South America
46,Argentina,ARG,2014,76.252,13193,South America
47,Argentina,ARG,2015,76.415,14603,South America
48,Argentina,ARG,2016,76.577,12449,South America
49,Armenia,ARM,1995,68.938,426,Europe
50,Armenia,ARM,2005,72.625,1753,Europe
51,Armenia,ARM,2010,73.331,3432,Europe
52,Armenia,ARM,2014,74.255,3995,Europe
53,Armenia,ARM,2015,74.445,3618,Europe
54,Armenia,ARM,2016,74.618,3615,Europe
55,Aruba,ABW,1985,73.181,6108,Europe
56,Aruba,ABW,1995,73.622,16442,Europe
57,Aruba,ABW,2005,74.287,23303,Europe
58,Aruba,ABW,2010,75.016,23513,Europe
59,Aruba,ABW,2014,75.582,25528,Europe
60,Aruba,ABW,2015,75.725,25807,Europe
61,Aruba,ABW,2016,75.867,25444,Europe
62,Asia,ASIA,1985,62.619,1010,Asia
63,Asia,ASIA,1995,65.909,2635,Asia
64,Asia,ASIA,2005,69.526,3115,Asia
65,Asia,ASIA,2010,71.119,4968,Asia
66,Asia,ASIA,2014,72.154,6167,Asia
67,Asia,ASIA,2015,72.373,6049,Asia
68,Asia,ASIA,2016,72.578,6172,Asia
69,Australia,AUS,1985,75.637,11570,Oceania
70,Australia,AUS,1995,78.264,21717,Oceania
71,Australia,AUS,2005,80.955,37674,Oceania
72,Australia,AUS,2010,81.91,58490,Oceania
73,Australia,AUS,2014,82.559,62093,Oceania
74,Australia,AUS,2015,82.726,52238,Oceania
75,Australia,AUS,2016,82.896,54069,Oceania
76,Austria,AUT,1985,74.139,9112,Europe
77,Austria,AUT,1995,76.823,30169,Europe
78,Austria,AUT,2005,79.566,38282,Europe
79,Austria,AUT,2010,80.584,46599,Europe
80,Austria,AUT,2014,81.25,51184,Europe
81,Austria,AUT,2015,81.42,44024,Europe
82,Austria,AUT,2016,81.594,44857,Europe
83,Azerbaijan,AZE,1995,65.256,396,Asia
84,Azerbaijan,AZE,2005,68.75,1551,Asia
85,Azerbaijan,AZE,2010,70.987,5857,Asia
86,Azerbaijan,AZE,2014,71.8,7917,Asia
87,Azerbaijan,AZE,2015,71.921,5519,Asia
88,Azerbaijan,AZE,2016,72.026,3892,Asia
89,Bahamas,BHS,1985,69.663,12271,Northern America
90,Bahamas,BHS,1995,71.351,18264,Northern America
91,Bahamas,BHS,2005,73.787,29875,Northern America
92,Bahamas,BHS,2010,74.761,27979,Northern America
93,Bahamas,BHS,2014,75.379,28374,Northern America
94,Bahamas,BHS,2015,75.527,29056,Northern America
95,Bahamas,BHS,2016,75.675,28785,Northern America
96,Bahrain,BHR,1985,71.237,10669,Asia
97,Bahrain,BHR,1995,73.413,12040,Asia
98,Bahrain,BHR,2005,75.326,17959,Asia
99,Bahrain,BHR,2010,76.056,20722,Asia
100,Bahrain,BHR,2014,76.622,24983,Asia
101,Bahrain,BHR,2015,76.761,22689,Asia
102,Bahrain,BHR,2016,76.9,22579,Asia
103,Bangladesh,BGD,1985,55.578,206,Asia
104,Bangladesh,BGD,1995,61.868,319,Asia
105,Bangladesh,BGD,2005,67.937,402,Asia
106,Bangladesh,BGD,2010,70.198,753,Asia
107,Bangladesh,BGD,2014,71.803,1086,Asia
108,Bangladesh,BGD,2015,72.155,1206,Asia
109,Bangladesh,BGD,2016,72.489,1355,Asia
110,Barbados,BRB,1985,70.145,5569,Northern America
111,Barbados,BRB,1995,72.481,8585,Northern America
112,Barbados,BRB,2005,74.163,14223,Northern America
113,Barbados,BRB,2010,74.973,15613,Northern America
114,Barbados,BRB,2014,75.603,15574,Northern America
115,Barbados,BRB,2015,75.755,15704,Northern America
116,Barbados,BRB,2016,75.906,15975,Northern America
117,Belarus,BLR,1995,68.273,1416,Europe
118,Belarus,BLR,2005,68.354,3254,Europe
119,Belarus,BLR,2010,70.739,6042,Europe
120,Belarus,BLR,2014,72.505,8309,Europe
121,Belarus,BLR,2015,72.748,5952,Europe
122,Belarus,BLR,2016,72.926,5001,Europe
123,Belgium,BEL,1985,74.598,8746,Europe
124,Belgium,BEL,1995,76.907,28428,Europe
125,Belgium,BEL,2005,78.975,36727,Europe
126,Belgium,BEL,2010,80.072,44205,Europe
127,Belgium,BEL,2014,80.792,47336,Europe
128,Belgium,BEL,2015,80.964,40326,Europe
129,Belgium,BEL,2016,81.134,41199,Europe
130,Belize,BLZ,1985,71.11,1268,Northern America
131,Belize,BLZ,1995,69.517,2834,Northern America
132,Belize,BLZ,2005,69.023,3933,Northern America
133,Belize,BLZ,2010,69.676,4344,Northern America
134,Belize,BLZ,2014,70.027,4852,Northern America
135,Belize,BLZ,2015,70.192,4850,Northern America
136,Belize,BLZ,2016,70.384,4745,Northern America
137,Benin,BEN,1985,50.034,264,Africa
138,Benin,BEN,1995,55.203,397,Africa
139,Benin,BEN,2005,57.355,602,Africa
140,Benin,BEN,2010,59.319,758,Africa
141,Benin,BEN,2014,60.373,931,Africa
142,Benin,BEN,2015,60.639,800,Africa
143,Benin,BEN,2016,60.907,818,Africa
144,Bhutan,BTN,1985,49.173,369,Asia
145,Bhutan,BTN,1995,56.657,562,Asia
146,Bhutan,BTN,2005,64.882,1247,Asia
147,Bhutan,BTN,2010,67.79,2179,Asia
148,Bhutan,BTN,2014,69.43,2523,Asia
149,Bhutan,BTN,2015,69.817,2614,Asia
150,Bhutan,BTN,2016,70.197,2774,Asia
151,Bosnia and Herzegovina,BIH,1995,71.643,529,Europe
152,Bosnia and Herzegovina,BIH,2005,75.223,2968,Europe
153,Bosnia and Herzegovina,BIH,2010,75.905,4615,Europe
154,Bosnia and Herzegovina,BIH,2014,76.561,5204,Europe
155,Bosnia and Herzegovina,BIH,2015,76.735,4584,Europe
156,Bosnia and Herzegovina,BIH,2016,76.911,4808,Europe
157,Botswana,BWA,1985,62.556,704,Africa
158,Botswana,BWA,1995,55.53,3015,Africa
159,Botswana,BWA,2005,52.165,5351,Africa
160,Botswana,BWA,2010,59.868,6346,Africa
161,Botswana,BWA,2014,64.78,7494,Africa
162,Botswana,BWA,2015,65.846,6521,Africa
163,Botswana,BWA,2016,66.797,6917,Africa
164,Brazil,BRA,1985,63.514,1381,South America
165,Brazil,BRA,1995,67.6,4794,South America
166,Brazil,BRA,2005,72.04,4770,South America
167,Brazil,BRA,2010,73.838,11224,South America
168,Brazil,BRA,2014,75.042,12027,South America
169,Brazil,BRA,2015,75.284,8757,South America
170,Brazil,BRA,2016,75.509,8649,South America
171,Bulgaria,BGR,1985,71.347,1837,Europe
172,Bulgaria,BGR,1995,70.928,1723,Europe
173,Bulgaria,BGR,2005,72.67,3857,Europe
174,Bulgaria,BGR,2010,73.716,6835,Europe
175,Bulgaria,BGR,2014,74.473,7855,Europe
176,Bulgaria,BGR,2015,74.618,6994,Europe
177,Bulgaria,BGR,2016,74.749,7465,Europe
178,Burkina Faso,BFA,1985,49.323,203,Africa
179,Burkina Faso,BFA,1995,49.445,238,Africa
180,Burkina Faso,BFA,2005,53.31,407,Africa
181,Burkina Faso,BFA,2010,57.096,575,Africa
182,Burkina Faso,BFA,2014,59.457,704,Africa
183,Burkina Faso,BFA,2015,59.927,575,Africa
184,Burkina Faso,BFA,2016,60.361,627,Africa
185,Burundi,BDI,1985,48.845,249,Africa
186,Burundi,BDI,1995,48.86,168,Africa
187,Burundi,BDI,2005,52.735,150,Africa
188,Burundi,BDI,2010,54.861,232,Africa
189,Burundi,BDI,2014,56.688,274,Africa
190,Burundi,BDI,2015,57.094,276,Africa
191,Burundi,BDI,2016,57.481,273,Africa
192,Cambodia,KHM,1985,50.563,137,Asia
193,Cambodia,KHM,1995,55.189,311,Asia
194,Cambodia,KHM,2005,63.088,474,Asia
195,Cambodia,KHM,2010,66.555,786,Asia
196,Cambodia,KHM,2014,68.251,1099,Asia
197,Cambodia,KHM,2015,68.62,1163,Asia
198,Cambodia,KHM,2016,68.981,1270,Asia
199,Cameroon,CMR,1985,52.698,955,Africa
200,Cameroon,CMR,1995,50.015,716,Africa
201,Cameroon,CMR,2005,52.916,1030,Africa
202,Cameroon,CMR,2010,55.424,1309,Africa
203,Cameroon,CMR,2014,57.111,1571,Africa
204,Cameroon,CMR,2015,57.582,1354,Africa
205,Cameroon,CMR,2016,58.073,1374,Africa
206,Canada,CAN,1985,76.386,14098,Northern America
207,Canada,CAN,1995,78.146,20594,Northern America
208,Canada,CAN,2005,80.232,36218,Northern America
209,Canada,CAN,2010,81.284,47221,Northern America
210,Canada,CAN,2014,82.035,50355,Northern America
211,Canada,CAN,2015,82.206,43194,Northern America
212,Canada,CAN,2016,82.374,42154,Northern America
213,Caribbean,CAR,1985,66.196,2223,Northern America
214,Caribbean,CAR,1995,68.306,3369,Northern America
215,Caribbean,CAR,2005,70.626,5655,Northern America
216,Caribbean,CAR,2010,71.902,7086,Northern America
217,Caribbean,CAR,2014,72.756,7891,Northern America
218,Caribbean,CAR,2015,72.955,8063,Northern America
219,Caribbean,CAR,2016,73.15,8139,Northern America
220,Central African Republic,CAF,1985,49.823,344,Africa
221,Central African Republic,CAF,1995,46.252,348,Africa
222,Central African Republic,CAF,2005,44.466,342,Africa
223,Central African Republic,CAF,2010,47.56,457,Africa
224,Central African Republic,CAF,2014,50.621,389,Africa
225,Central African Republic,CAF,2015,51.41,359,Africa
226,Central African Republic,CAF,2016,52.171,394,Africa
227,Central America,CA,1985,67.111,2453,Northern America
228,Central America,CA,1995,71.587,3253,Northern America
229,Central America,CA,2005,74.394,6574,Northern America
230,Central America,CA,2010,75.322,7553,Northern America
231,Central America,CA,2014,76.088,8994,Northern America
232,Central America,CA,2015,76.283,8120,Northern America
233,Central America,CA,2016,76.479,7552,Northern America
234,Central Asia,CAAS,1995,64.545,729,Asia
235,Central Asia,CAAS,2005,66.591,1540,Asia
236,Central Asia,CAAS,2010,68.696,3493,Asia
237,Central Asia,CAAS,2014,70.073,5106,Asia
238,Central Asia,CAAS,2015,70.27,4401,Asia
239,Central Asia,CAAS,2016,70.421,3618,Asia
240,Chad,TCD,1985,46.082,194,Africa
241,Chad,TCD,1995,47.431,235,Africa
242,Chad,TCD,2005,48.054,664,Africa
243,Chad,TCD,2010,50.233,824,Africa
244,Chad,TCD,2014,52.204,1082,Africa
245,Chad,TCD,2015,52.575,835,Africa
246,Chad,TCD,2016,52.903,780,Africa
247,Chile,CHL,1985,71.739,1559,South America
248,Chile,CHL,1995,75.374,5253,South America
249,Chile,CHL,2005,77.791,7615,South America
250,Chile,CHL,2010,78.454,12860,South America
251,Chile,CHL,2014,79.117,14817,South America
252,Chile,CHL,2015,79.315,13653,South America
253,Chile,CHL,2016,79.522,13794,South America
254,China,CHN,1985,68.451,292,Asia
255,China,CHN,1995,70.156,594,Asia
256,China,CHN,2005,73.987,1747,Asia
257,China,CHN,2010,75.236,4461,Asia
258,China,CHN,2014,75.932,7578,Asia
259,China,CHN,2015,76.092,8036,Asia
260,China,CHN,2016,76.252,7993,Asia
261,Colombia,COL,1985,67.588,1590,South America
262,Colombia,COL,1995,69.428,2946,South America
263,Colombia,COL,2005,72.303,3386,South America
264,Colombia,COL,2010,73.325,6251,South America
265,Colombia,COL,2014,74.022,7913,South America
266,Colombia,COL,2015,74.2,6045,South America
267,Colombia,COL,2016,74.381,5806,South America
268,Comoros,COM,1985,53.843,675,Africa
269,Comoros,COM,1995,58.722,1016,Africa
270,Comoros,COM,2005,60.126,1287,Africa
271,Comoros,COM,2010,61.862,1549,Africa
272,Comoros,COM,2014,63.216,1728,Africa
273,Comoros,COM,2015,63.473,1421,Africa
274,Comoros,COM,2016,63.701,1445,Africa
275,Congo,COG,1985,56.877,1016,Africa
276,Congo,COG,1995,53.247,756,Africa
277,Congo,COG,2005,54.687,1637,Africa
278,Congo,COG,2010,60.473,2800,Africa
279,Congo,COG,2014,63.536,2890,Africa
280,Congo,COG,2015,64.112,1700,Africa
281,Congo,COG,2016,64.625,1517,Africa
282,Costa Rica,CRI,1985,74.401,1827,South America
283,Costa Rica,CRI,1995,76.571,3278,South America
284,Costa Rica,CRI,2005,78.114,4697,South America
285,Costa Rica,CRI,2010,78.756,8199,South America
286,Costa Rica,CRI,2014,79.44,10647,South America
287,Costa Rica,CRI,2015,79.634,11406,South America
288,Costa Rica,CRI,2016,79.831,11825,South America
289,Croatia,HRV,1995,73.727,4849,Europe
290,Croatia,HRV,2005,75.476,10374,Europe
291,Croatia,HRV,2010,76.594,13823,Europe
292,Croatia,HRV,2014,77.309,13536,Europe
293,Croatia,HRV,2015,77.476,11668,Europe
294,Croatia,HRV,2016,77.642,12159,Europe
295,Cuba,CUB,1985,74.519,2273,Northern America
296,Cuba,CUB,1995,75.415,2790,Northern America
297,Cuba,CUB,2005,77.95,3779,Northern America
298,Cuba,CUB,2010,78.959,5676,Northern America
299,Cuba,CUB,2014,79.415,7050,Northern America
300,Cuba,CUB,2015,79.57,7609,Northern America
301,Cuba,CUB,2016,79.742,7815,Northern America
302,Cyprus,CYP,1985,75.718,5011,Europe
303,Cyprus,CYP,1995,77.312,15265,Europe
304,Cyprus,CYP,2005,78.631,25311,Europe
305,Cyprus,CYP,2010,79.43,30817,Europe
306,Cyprus,CYP,2014,80.173,27400,Europe
307,Cyprus,CYP,2015,80.344,23231,Europe
308,Cyprus,CYP,2016,80.508,23631,Europe
309,Denmark,DNK,1985,74.573,12252,Europe
310,Denmark,DNK,1995,75.629,35356,Europe
311,Denmark,DNK,2005,77.936,48779,Europe
312,Denmark,DNK,2010,79.399,57967,Europe
313,Denmark,DNK,2014,80.412,62323,Europe
314,Denmark,DNK,2015,80.587,52964,Europe
315,Denmark,DNK,2016,80.739,53730,Europe
316,Djibouti,DJI,1985,55.488,868,Africa
317,Djibouti,DJI,1995,57.065,808,Africa
318,Djibouti,DJI,2005,57.999,905,Africa
319,Djibouti,DJI,2010,60.383,1254,Africa
320,Djibouti,DJI,2014,62.006,1742,Africa
321,Djibouti,DJI,2015,62.26,1873,Africa
322,Djibouti,DJI,2016,62.465,2007,Africa
323,Dominican Republic,DOM,1985,65.207,866,Northern America
324,Dominican Republic,DOM,1995,69.637,1995,Northern America
325,Dominican Republic,DOM,2005,71.644,3844,Northern America
326,Dominican Republic,DOM,2010,72.702,5368,Northern America
327,Dominican Republic,DOM,2014,73.483,6269,Northern America
328,Dominican Republic,DOM,2015,73.673,6468,Northern America
329,Dominican Republic,DOM,2016,73.861,6722,Northern America
330,Eastern Africa,EAF,1985,48.659,374,Africa
331,Eastern Africa,EAF,1995,48.291,309,Africa
332,Eastern Africa,EAF,2005,54.362,382,Africa
333,Eastern Africa,EAF,2010,59.437,622,Africa
334,Eastern Africa,EAF,2014,62.382,826,Africa
335,Eastern Africa,EAF,2015,62.925,792,Africa
336,Eastern Africa,EAF,2016,63.396,784,Africa
337,Eastern Asia,EA,1985,69.4,1510,Asia
338,Eastern Asia,EA,1995,71.251,4906,Asia
339,Eastern Asia,EA,2005,75.057,5497,Asia
340,Eastern Asia,EA,2010,76.312,8513,Asia
341,Eastern Asia,EA,2014,77.029,10875,Asia
342,Eastern Asia,EA,2015,77.19,10946,Asia
343,Eastern Asia,EA,2016,77.347,11262,Asia
344,Eastern Europe,EE,1985,69.32,3023,Europe
345,Eastern Europe,EE,1995,67.955,2540,Europe
346,Eastern Europe,EE,2005,68.515,5449,Europe
347,Eastern Europe,EE,2010,70.919,9674,Europe
348,Eastern Europe,EE,2014,72.563,11837,Europe
349,Eastern Europe,EE,2015,72.791,8807,Europe
350,Eastern Europe,EE,2016,72.96,8589,Europe
351,Ecuador,ECU,1985,66.126,1895,Africa
352,Ecuador,ECU,1995,71.217,2135,Africa
353,Ecuador,ECU,2005,74.136,3022,Africa
354,Ecuador,ECU,2010,75.046,4657,Africa
355,Ecuador,ECU,2014,75.879,6432,Africa
356,Ecuador,ECU,2015,76.102,6205,Africa
357,Ecuador,ECU,2016,76.327,5982,Africa
358,Egypt,EGY,1985,61.812,474,Africa
359,Egypt,EGY,1995,66.789,1032,Africa
360,Egypt,EGY,2005,69.444,1230,Africa
361,Egypt,EGY,2010,70.357,2552,Africa
362,Egypt,EGY,2014,71.12,3235,Africa
363,Egypt,EGY,2015,71.304,3388,Africa
364,Egypt,EGY,2016,71.484,2823,Africa
365,El Salvador,SLV,1985,59.082,1164,South America
366,El Salvador,SLV,1995,67.27,1693,South America
367,El Salvador,SLV,2005,70.357,2835,South America
368,El Salvador,SLV,2010,71.902,3474,South America
369,El Salvador,SLV,2014,73.015,3989,South America
370,El Salvador,SLV,2015,73.267,4127,South America
371,El Salvador,SLV,2016,73.512,4224,South America
372,Equatorial Guinea,GNQ,1985,46.469,246,Africa
373,Equatorial Guinea,GNQ,1995,50.588,427,Africa
374,Equatorial Guinea,GNQ,2005,54.262,11250,Africa
375,Equatorial Guinea,GNQ,2010,55.908,17136,Africa
376,Equatorial Guinea,GNQ,2014,57.18,19246,Africa
377,Equatorial Guinea,GNQ,2015,57.434,10717,Africa
378,Equatorial Guinea,GNQ,2016,57.681,8742,Africa
379,Eritrea,ERI,1995,52.311,207,Africa
380,Eritrea,ERI,2005,58.691,277,Africa
381,Eritrea,ERI,2010,62.181,482,Africa
382,Eritrea,ERI,2014,64.174,854,Africa
383,Eritrea,ERI,2015,64.636,987,Africa
384,Eritrea,ERI,2016,65.092,1093,Africa
385,Estonia,EST,1995,68.66,3086,Europe
386,Estonia,EST,2005,72.622,10330,Europe
387,Estonia,EST,2010,75.367,14640,Europe
388,Estonia,EST,2014,77.141,19892,Europe
389,Estonia,EST,2015,77.383,17157,Europe
390,Estonia,EST,2016,77.562,17782,Europe
391,Ethiopia,ETH,1995,49.305,132,Africa
392,Ethiopia,ETH,2005,56.221,159,Africa
393,Ethiopia,ETH,2010,61.625,300,Africa
394,Ethiopia,ETH,2014,64.535,556,Africa
395,Ethiopia,ETH,2015,65.037,632,Africa
396,Ethiopia,ETH,2016,65.475,687,Africa
397,Europe,EUR,1985,72.293,5732,Europe
398,Europe,EUR,1995,72.819,14556,Europe
399,Europe,EUR,2005,74.454,21996,Europe
400,Europe,EUR,2010,76.291,26824,Europe
401,Europe,EUR,2014,77.52,29887,Europe
402,Europe,EUR,2015,77.728,25659,Europe
403,Europe,EUR,2016,77.904,25596,Europe
404,Fiji,FJI,1985,64.329,1605,Oceania
405,Fiji,FJI,1995,66.575,2570,Oceania
406,Fiji,FJI,2005,68.405,3627,Oceania
407,Fiji,FJI,2010,69.267,3652,Oceania
408,Fiji,FJI,2014,69.96,5062,Oceania
409,Fiji,FJI,2015,70.117,4890,Oceania
410,Fiji,FJI,2016,70.269,5197,Oceania
411,Finland,FIN,1985,74.6,11385,Europe
412,Finland,FIN,1995,76.472,26215,Europe
413,Finland,FIN,2005,78.978,38873,Europe
414,Finland,FIN,2010,80.138,46181,Europe
415,Finland,FIN,2014,80.967,49931,Europe
416,Finland,FIN,2015,81.148,42401,Europe
417,Finland,FIN,2016,81.323,43339,Europe
418,France,FRA,1985,75.269,9773,Europe
419,France,FRA,1995,77.747,26853,Europe
420,France,FRA,2005,80.13,34843,Europe
421,France,FRA,2010,81.387,40629,Europe
422,France,FRA,2014,82.185,42924,Europe
423,France,FRA,2015,82.369,36504,Europe
424,France,FRA,2016,82.546,36826,Europe
425,French Polynesia,PYF,1985,67.267,9795,Oceania
426,French Polynesia,PYF,1995,70.43,20542,Oceania
427,French Polynesia,PYF,2005,74.132,22374,Oceania
428,French Polynesia,PYF,2010,75.643,22704,Oceania
429,French Polynesia,PYF,2014,76.444,22399,Oceania
430,French Polynesia,PYF,2015,76.628,19026,Oceania
431,French Polynesia,PYF,2016,76.813,19335,Oceania
432,Gabon,GAB,1985,59.162,5589,Africa
433,Gabon,GAB,1995,60.619,5081,Africa
434,Gabon,GAB,2005,59.89,6827,Africa
435,Gabon,GAB,2010,62.893,7854,Africa
436,Gabon,GAB,2014,65.211,9283,Africa
437,Gabon,GAB,2015,65.685,7077,Africa
438,Gabon,GAB,2016,66.105,7002,Africa
439,Gambia,GMB,1985,49.958,894,Africa
440,Gambia,GMB,1995,53.844,737,Africa
441,Gambia,GMB,2005,57.914,432,Africa
442,Gambia,GMB,2010,59.622,563,Africa
443,Gambia,GMB,2014,60.707,443,Africa
444,Gambia,GMB,2015,60.954,475,Africa
445,Gambia,GMB,2016,61.193,484,Africa
446,Georgia,GEO,1995,70.462,539,Europe
447,Georgia,GEO,2005,72.73,1429,Europe
448,Georgia,GEO,2010,72.649,2750,Europe
449,Georgia,GEO,2014,72.951,4135,Europe
450,Georgia,GEO,2015,73.096,3541,Europe
451,Georgia,GEO,2016,73.261,3651,Europe
452,Germany,DEU,1985,74.347,9390,Europe
453,Germany,DEU,1995,76.623,31898,Europe
454,Germany,DEU,2005,79.223,35035,Europe
455,Germany,DEU,2010,80.113,42241,Europe
456,Germany,DEU,2014,80.691,47744,Europe
457,Germany,DEU,2015,80.848,41313,Europe
458,Germany,DEU,2016,81.011,42456,Europe
459,Ghana,GHA,1985,54.111,519,Africa
460,Ghana,GHA,1995,57.507,618,Africa
461,Ghana,GHA,2005,58.666,798,Africa
462,Ghana,GHA,2010,60.924,1313,Africa
463,Ghana,GHA,2014,62.154,1450,Africa
464,Ghana,GHA,2015,62.448,1354,Africa
465,Ghana,GHA,2016,62.742,1517,Africa
466,Greece,GRC,1985,75.086,4794,Europe
467,Greece,GRC,1995,77.776,12687,Europe
468,Greece,GRC,2005,79.597,21925,Europe
469,Greece,GRC,2010,80.312,26154,Europe
470,Greece,GRC,2014,80.874,21042,Europe
471,Greece,GRC,2015,81.044,17431,Europe
472,Greece,GRC,2016,81.224,17230,Europe
473,Grenada,GRD,1985,67.66,1359,Europe
474,Grenada,GRD,1995,69.402,2775,Europe
475,Grenada,GRD,2005,71.438,6755,Europe
476,Grenada,GRD,2010,72.618,7366,Europe
477,Grenada,GRD,2014,73.388,8571,Europe
478,Grenada,GRD,2015,73.531,9212,Europe
479,Grenada,GRD,2016,73.659,9469,Europe
480,Guatemala,GTM,1985,59.661,1210,South America
481,Guatemala,GTM,1995,65.09,1255,South America
482,Guatemala,GTM,2005,69.763,2078,South America
483,Guatemala,GTM,2010,71.494,2825,South America
484,Guatemala,GTM,2014,72.869,3688,South America
485,Guatemala,GTM,2015,73.15,3924,South America
486,Guatemala,GTM,2016,73.409,4147,South America
487,Guinea,GIN,1985,45.482,560,Africa
488,Guinea,GIN,1995,51.717,668,Africa
489,Guinea,GIN,2005,53.17,420,Africa
490,Guinea,GIN,2010,56.765,635,Africa
491,Guinea,GIN,2014,58.846,744,Africa
492,Guinea,GIN,2015,59.419,725,Africa
493,Guinea,GIN,2016,60.015,684,Africa
494,Guinea-Bissau,GNB,1985,47.414,462,Africa
495,Guinea-Bissau,GNB,1995,50.969,703,Africa
496,Guinea-Bissau,GNB,2005,53.357,425,Africa
497,Guinea-Bissau,GNB,2010,55.05,546,Africa
498,Guinea-Bissau,GNB,2014,56.598,595,Africa
499,Guinea-Bissau,GNB,2015,57,573,Africa
500,Guinea-Bissau,GNB,2016,57.403,618,Africa
501,Guyana,GUY,1985,62.801,956,Africa
502,Guyana,GUY,1995,64.122,1302,Africa
503,Guyana,GUY,2005,65.538,1752,Africa
504,Guyana,GUY,2010,66.022,3026,Africa
505,Guyana,GUY,2014,66.425,4031,Africa
506,Guyana,GUY,2015,66.536,4137,Africa
507,Guyana,GUY,2016,66.65,4444,Africa
508,Haiti,HTI,1985,52.68,417,Africa
509,Haiti,HTI,1995,56.316,345,Africa
510,Haiti,HTI,2005,59.219,448,Africa
511,Haiti,HTI,2010,61.296,671,Africa
512,Haiti,HTI,2014,62.757,819,Africa
513,Haiti,HTI,2015,63.055,780,Africa
514,Haiti,HTI,2016,63.33,705,Africa
515,Honduras,HND,1985,63.643,1014,South America
516,Honduras,HND,1995,68.898,828,South America
517,Honduras,HND,2005,71.532,1323,South America
518,Honduras,HND,2010,72.446,1933,South America
519,Honduras,HND,2014,73.181,2243,South America
520,Honduras,HND,2015,73.376,2326,South America
521,Honduras,HND,2016,73.575,2361,South America
522,Hungary,HUN,1985,69.212,2237,Europe
523,Hungary,HUN,1995,70.018,4486,Europe
524,Hungary,HUN,2005,73.138,11207,Europe
525,Hungary,HUN,2010,74.609,13187,Europe
526,Hungary,HUN,2014,75.646,14278,Europe
527,Hungary,HUN,2015,75.81,12559,Europe
528,Hungary,HUN,2016,75.944,12900,Europe
529,Iceland,ISL,1985,77.206,12453,Europe
530,Iceland,ISL,1995,78.762,26835,Europe
531,Iceland,ISL,2005,81.099,56585,Europe
532,Iceland,ISL,2010,81.785,41553,Europe
533,Iceland,ISL,2014,82.425,52643,Europe
534,Iceland,ISL,2015,82.587,51242,Europe
535,Iceland,ISL,2016,82.749,60966,Europe
536,India,IND,1985,55.83,281,Asia
537,India,IND,1995,60.408,373,Asia
538,India,IND,2005,64.556,710,Asia
539,India,IND,2010,66.625,1341,Asia
540,India,IND,2014,68.021,1576,Asia
541,India,IND,2015,68.302,1629,Asia
542,India,IND,2016,68.56,1706,Asia
543,Indonesia,IDN,1985,61.555,617,Asia
544,Indonesia,IDN,1995,65.032,1195,Asia
545,Indonesia,IDN,2005,67.191,1343,Asia
546,Indonesia,IDN,2010,68.15,3113,Asia
547,Indonesia,IDN,2014,68.856,3492,Asia
548,Indonesia,IDN,2015,69.025,3336,Asia
549,Indonesia,IDN,2016,69.191,3570,Asia
550,Iraq,IRQ,1985,61.236,775,Asia
551,Iraq,IRQ,1995,68.489,172,Asia
552,Iraq,IRQ,2005,68.35,1343,Asia
553,Iraq,IRQ,2010,68.465,3808,Asia
554,Iraq,IRQ,2014,69.458,5691,Asia
555,Iraq,IRQ,2015,69.672,4642,Asia
556,Iraq,IRQ,2016,69.862,4301,Asia
557,Ireland,IRL,1985,73.704,5974,Europe
558,Ireland,IRL,1995,75.64,18958,Europe
559,Ireland,IRL,2005,78.801,50237,Europe
560,Ireland,IRL,2010,80.34,47969,Europe
561,Ireland,IRL,2014,81.134,55075,Europe
562,Ireland,IRL,2015,81.307,61832,Europe
563,Ireland,IRL,2016,81.476,64497,Europe
564,Israel,ISR,1985,75.269,6717,Asia
565,Israel,ISR,1995,77.758,18813,Asia
566,Israel,ISR,2005,80.269,21576,Asia
567,Israel,ISR,2010,81.462,31459,Asia
568,Israel,ISR,2014,82.169,38837,Asia
569,Israel,ISR,2015,82.335,37088,Asia
570,Israel,ISR,2016,82.5,38788,Asia
571,Italy,ITA,1985,75.644,7905,Europe
572,Italy,ITA,1995,78.106,20449,Europe
573,Italy,ITA,2005,80.937,31503,Europe
574,Italy,ITA,2010,81.945,35578,Europe
575,Italy,ITA,2014,82.63,36112,Europe
576,Italy,ITA,2015,82.809,30794,Europe
577,Italy,ITA,2016,82.99,31279,Europe
578,Jamaica,JAM,1985,72.175,1114,Northern America
579,Jamaica,JAM,1995,71.99,2592,Northern America
580,Jamaica,JAM,2005,73.446,4097,Northern America
581,Jamaica,JAM,2010,74.883,4692,Northern America
582,Jamaica,JAM,2014,75.689,4856,Northern America
583,Jamaica,JAM,2015,75.836,4940,Northern America
584,Jamaica,JAM,2016,75.97,4879,Northern America
585,Japan,JPN,1985,77.827,11491,Asia
586,Japan,JPN,1995,79.935,43118,Asia
587,Japan,JPN,2005,82.275,37054,Asia
588,Japan,JPN,2010,82.974,44341,Asia
589,Japan,JPN,2014,83.484,37833,Asia
590,Japan,JPN,2015,83.622,34224,Asia
591,Japan,JPN,2016,83.764,38640,Asia
592,Jordan,JOR,1985,68.283,1768,Africa
593,Jordan,JOR,1995,70.885,1472,Africa
594,Jordan,JOR,2005,72.594,2203,Africa
595,Jordan,JOR,2010,73.412,3679,Africa
596,Jordan,JOR,2014,74.034,4067,Africa
597,Jordan,JOR,2015,74.182,4096,Africa
598,Jordan,JOR,2016,74.329,4088,Africa
599,Kazakhstan,KAZ,1995,63.936,1282,Asia
600,Kazakhstan,KAZ,2005,65.22,3676,Asia
601,Kazakhstan,KAZ,2010,67.613,9028,Asia
602,Kazakhstan,KAZ,2014,69.439,12661,Asia
603,Kazakhstan,KAZ,2015,69.692,10388,Asia
604,Kazakhstan,KAZ,2016,69.877,7505,Asia
605,Kenya,KEN,1985,59.082,464,Africa
606,Kenya,KEN,1995,53.911,491,Africa
607,Kenya,KEN,2005,55.819,597,Africa
608,Kenya,KEN,2010,62.936,967,Africa
609,Kenya,KEN,2014,66.242,1335,Africa
610,Kenya,KEN,2015,66.695,1350,Africa
611,Kenya,KEN,2016,67.032,1455,Africa
612,Kiribati,KIR,1985,58.101,468,Oceania
613,Kiribati,KIR,1995,62.526,720,Oceania
614,Kiribati,KIR,2005,64.859,1215,Oceania
615,Kiribati,KIR,2010,65.354,1493,Oceania
616,Kiribati,KIR,2014,65.949,1611,Oceania
617,Kiribati,KIR,2015,66.13,1487,Oceania
618,Kiribati,KIR,2016,66.317,1518,Oceania
619,Kuwait,KWT,1985,71.021,12333,Africa
620,Kuwait,KWT,1995,72.722,16487,Africa
621,Kuwait,KWT,2005,73.505,35490,Africa
622,Kuwait,KWT,2010,73.979,38497,Africa
623,Kuwait,KWT,2014,74.458,43003,Africa
624,Kuwait,KWT,2015,74.577,28980,Africa
625,Kuwait,KWT,2016,74.694,27229,Africa
626,Kyrgyzstan,KGZ,1995,66.036,327,Asia
627,Kyrgyzstan,KGZ,2005,67.047,485,Asia
628,Kyrgyzstan,KGZ,2010,68.86,884,Asia
629,Kyrgyzstan,KGZ,2014,70.578,1293,Asia
630,Kyrgyzstan,KGZ,2015,70.801,1139,Asia
631,Kyrgyzstan,KGZ,2016,70.953,1100,Asia
632,Latvia,LVA,1995,67.828,2155,Europe
633,Latvia,LVA,2005,71.13,7514,Europe
634,Latvia,LVA,2010,72.738,11216,Europe
635,Latvia,LVA,2014,74.218,15584,Europe
636,Latvia,LVA,2015,74.431,13554,Europe
637,Latvia,LVA,2016,74.589,13993,Europe
638,Lebanon,LBN,1985,68.904,850,Asia
639,Lebanon,LBN,1995,72.071,3793,Asia
640,Lebanon,LBN,2005,76.786,5390,Asia
641,Lebanon,LBN,2010,78.43,8858,Asia
642,Lebanon,LBN,2014,79.231,8537,Asia
643,Lebanon,LBN,2015,79.409,8452,Asia
644,Lebanon,LBN,2016,79.584,8400,Asia
645,Lesotho,LSO,1985,56.395,202,Africa
646,Lesotho,LSO,1995,56.902,542,Africa
647,Lesotho,LSO,2005,46.521,800,Africa
648,Lesotho,LSO,2010,50.826,1173,Africa
649,Lesotho,LSO,2014,53.268,1175,Africa
650,Lesotho,LSO,2015,53.745,1074,Africa
651,Lesotho,LSO,2016,54.174,1017,Africa
652,Liberia,LBR,1985,47.298,491,Africa
653,Liberia,LBR,1995,50.163,101,Africa
654,Liberia,LBR,2005,55.052,217,Africa
655,Liberia,LBR,2010,59.631,327,Africa
656,Liberia,LBR,2014,61.527,468,Africa
657,Liberia,LBR,2015,62.007,593,Africa
658,Liberia,LBR,2016,62.505,598,Africa
659,Libya,LBY,1985,66.644,7715,Africa
660,Libya,LBY,1995,69.85,5717,Africa
661,Libya,LBY,2005,71.362,7846,Africa
662,Libya,LBY,2010,71.643,13121,Africa
663,Libya,LBY,2014,71.659,4960,Africa
664,Libya,LBY,2015,71.776,5993,Africa
665,Libya,LBY,2016,71.934,6826,Africa
666,Lithuania,LTU,1995,69.768,1848,Europe
667,Lithuania,LTU,2005,71.695,7817,Europe
668,Lithuania,LTU,2010,72.891,11886,Europe
669,Lithuania,LTU,2014,74.273,16394,Europe
670,Lithuania,LTU,2015,74.481,14157,Europe
671,Lithuania,LTU,2016,74.637,14707,Europe
672,Luxembourg,LUX,1985,73.702,12915,Europe
673,Luxembourg,LUX,1995,76.373,52894,Europe
674,Luxembourg,LUX,2005,78.888,81571,Europe
675,Luxembourg,LUX,2010,80.351,104772,Europe
676,Luxembourg,LUX,2014,81.436,119226,Europe
677,Luxembourg,LUX,2015,81.63,101959,Europe
678,Luxembourg,LUX,2016,81.798,101835,Europe
679,Madagascar,MDG,1985,49.694,277,Africa
680,Madagascar,MDG,1995,54.616,276,Africa
681,Madagascar,MDG,2005,61.212,324,Africa
682,Madagascar,MDG,2010,63.388,492,Africa
683,Madagascar,MDG,2014,65.133,503,Africa
684,Madagascar,MDG,2015,65.539,471,Africa
685,Madagascar,MDG,2016,65.932,451,Africa
686,Malawi,MWI,1985,46.055,281,Africa
687,Malawi,MWI,1995,46.585,250,Africa
688,Malawi,MWI,2005,49.846,280,Africa
689,Malawi,MWI,2010,57.263,459,Africa
690,Malawi,MWI,2014,61.932,349,Africa
691,Malawi,MWI,2015,62.661,366,Africa
692,Malawi,MWI,2016,63.223,294,Africa
693,Malaysia,MYS,1985,69.482,2000,Asia
694,Malaysia,MYS,1995,71.813,4334,Asia
695,Malaysia,MYS,2005,73.463,5594,Asia
696,Malaysia,MYS,2010,74.21,9071,Asia
697,Malaysia,MYS,2014,74.976,11184,Asia
698,Malaysia,MYS,2015,75.143,9644,Asia
699,Malaysia,MYS,2016,75.3,9508,Asia
700,Maldives,MDV,1985,57.437,875,Asia
701,Maldives,MDV,1995,65.568,2229,Asia
702,Maldives,MDV,2005,74.151,3649,Asia
703,Maldives,MDV,2010,76.112,7100,Asia
704,Maldives,MDV,2014,76.783,9057,Asia
705,Maldives,MDV,2015,77.042,9576,Asia
706,Maldives,MDV,2016,77.339,9875,Asia
707,Mali,MLI,1985,43.17,161,Africa
708,Mali,MLI,1995,46.573,295,Africa
709,Mali,MLI,2005,52.057,488,Africa
710,Mali,MLI,2010,55.249,708,Africa
711,Mali,MLI,2014,57.007,848,Africa
712,Mali,MLI,2015,57.478,746,Africa
713,Mali,MLI,2016,57.966,778,Africa
714,Malta,MLT,1985,74.932,3311,Europe
715,Malta,MLT,1995,77.039,9722,Europe
716,Malta,MLT,2005,78.948,15716,Europe
717,Malta,MLT,2010,79.85,21005,Europe
718,Malta,MLT,2014,80.531,26358,Europe
719,Malta,MLT,2015,80.694,24054,Europe
720,Malta,MLT,2016,80.854,25616,Europe
721,Mauritania,MRT,1985,56.912,613,Africa
722,Mauritania,MRT,1995,59.419,722,Africa
723,Mauritania,MRT,2005,60.729,698,Africa
724,Mauritania,MRT,2010,61.997,1202,Africa
725,Mauritania,MRT,2014,62.907,1319,Africa
726,Mauritania,MRT,2015,63.082,1144,Africa
727,Mauritania,MRT,2016,63.238,1085,Africa
728,Mauritius,MUS,1985,68.381,1134,Africa
729,Mauritius,MUS,1995,70.339,3786,Africa
730,Mauritius,MUS,2005,72.446,5544,Africa
731,Mauritius,MUS,2010,73.45,8016,Africa
732,Mauritius,MUS,2014,74.395,10184,Africa
733,Mauritius,MUS,2015,74.569,9275,Africa
734,Mauritius,MUS,2016,74.72,9679,Africa
735,Melanesia,OWID_MNS,1985,58.92,1179,Oceania
736,Melanesia,OWID_MNS,1995,61.492,2118,Oceania
737,Melanesia,OWID_MNS,2005,64.483,2156,Oceania
738,Melanesia,OWID_MNS,2010,65.716,3130,Oceania
739,Melanesia,OWID_MNS,2014,66.383,4011,Oceania
740,Melanesia,OWID_MNS,2015,66.545,3693,Oceania
741,Melanesia,OWID_MNS,2016,66.708,3534,Oceania
742,Mexico,MEX,1985,68.81,2839,Northern America
743,Mexico,MEX,1995,72.796,3829,Northern America
744,Mexico,MEX,2005,75.347,8089,Northern America
745,Mexico,MEX,2010,76.096,9016,Northern America
746,Mexico,MEX,2014,76.753,10581,Northern America
747,Mexico,MEX,2015,76.933,9291,Northern America
748,Mexico,MEX,2016,77.118,8444,Northern America
749,Middle Africa,MAF,1985,47.593,569,Africa
750,Middle Africa,MAF,1995,48.149,427,Africa
751,Middle Africa,MAF,2005,52.569,887,Africa
752,Middle Africa,MAF,2010,56.036,1408,Africa
753,Middle Africa,MAF,2014,58.135,1923,Africa
754,Middle Africa,MAF,2015,58.577,1511,Africa
755,Middle Africa,MAF,2016,58.997,1420,Africa
756,Mongolia,MNG,1985,58.392,634,Asia
757,Mongolia,MNG,1995,61.211,730,Asia
758,Mongolia,MNG,2005,65.104,1158,Asia
759,Mongolia,MNG,2010,67.383,2650,Asia
760,Mongolia,MNG,2014,68.847,4182,Asia
761,Mongolia,MNG,2015,69.087,3947,Asia
762,Mongolia,MNG,2016,69.287,3686,Asia
763,Montenegro,MNE,1995,74.1,1958,Europe
764,Montenegro,MNE,2005,73.62,3697,Europe
765,Montenegro,MNE,2010,75.28,6628,Europe
766,Montenegro,MNE,2014,76.712,7309,Europe
767,Montenegro,MNE,2015,76.938,6400,Europe
768,Montenegro,MNE,2016,77.116,6958,Europe
769,Morocco,MAR,1985,61.469,670,Asia
770,Morocco,MAR,1995,66.848,1430,Asia
771,Morocco,MAR,2005,71.456,2049,Asia
772,Morocco,MAR,2010,73.999,2876,Asia
773,Morocco,MAR,2014,75.309,3208,Asia
774,Morocco,MAR,2015,75.573,2907,Asia
775,Morocco,MAR,2016,75.821,2937,Asia
776,Mozambique,MOZ,1985,41.705,443,Africa
777,Mozambique,MOZ,1995,45.491,163,Africa
778,Mozambique,MOZ,2005,51.362,369,Africa
779,Mozambique,MOZ,2010,54.7,419,Africa
780,Mozambique,MOZ,2014,57.099,623,Africa
781,Mozambique,MOZ,2015,57.714,528,Africa
782,Mozambique,MOZ,2016,58.311,379,Africa
783,Myanmar,MMR,1985,56.904,177,Asia
784,Myanmar,MMR,1995,60.463,180,Asia
785,Myanmar,MMR,2005,63.597,246,Asia
786,Myanmar,MMR,2010,65.178,826,Asia
787,Myanmar,MMR,2014,66.285,1277,Asia
788,Myanmar,MMR,2015,66.464,1193,Asia
789,Myanmar,MMR,2016,66.612,1242,Asia
790,Namibia,NAM,1985,59.584,1399,Africa
791,Namibia,NAM,1995,60.192,2382,Africa
792,Namibia,NAM,2005,53.563,3504,Africa
793,Namibia,NAM,2010,58.189,5192,Africa
794,Namibia,NAM,2014,62.981,5393,Africa
795,Namibia,NAM,2015,63.782,4770,Africa
796,Namibia,NAM,2016,64.388,4415,Africa
797,Nepal,NPL,1985,50.162,164,Asia
798,Nepal,NPL,1995,58.529,212,Asia
799,Nepal,NPL,2005,65.537,322,Asia
800,Nepal,NPL,2010,67.914,602,Asia
801,Nepal,NPL,2014,69.511,697,Asia
802,Nepal,NPL,2015,69.887,726,Asia
803,Nepal,NPL,2016,70.253,722,Asia
804,Netherlands,NLD,1985,76.462,9784,Europe
805,Netherlands,NLD,1995,77.528,28867,Europe
806,Netherlands,NLD,2005,79.401,41456,Europe
807,Netherlands,NLD,2010,80.797,50135,Europe
808,Netherlands,NLD,2014,81.555,52082,Europe
809,Netherlands,NLD,2015,81.71,44750,Europe
810,Netherlands,NLD,2016,81.859,45753,Europe
811,New Caledonia,NCL,1985,69.013,5480,Europe
812,New Caledonia,NCL,1995,72.164,19024,Europe
813,New Caledonia,NCL,2005,74.625,26801,Europe
814,New Caledonia,NCL,2010,75.721,37266,Europe
815,New Caledonia,NCL,2014,76.561,39411,Europe
816,New Caledonia,NCL,2015,76.759,34094,Europe
817,New Caledonia,NCL,2016,76.954,34641,Europe
818,New Zealand,NZL,1985,74.055,7376,Oceania
819,New Zealand,NZL,1995,76.989,17184,Oceania
820,New Zealand,NZL,2005,79.734,27742,Oceania
821,New Zealand,NZL,2010,80.857,33543,Oceania
822,New Zealand,NZL,2014,81.57,44004,Oceania
823,New Zealand,NZL,2015,81.729,38492,Oceania
824,New Zealand,NZL,2016,81.885,40233,Oceania
825,Nicaragua,NIC,1985,60.67,972,South America
826,Nicaragua,NIC,1995,67.411,893,South America
827,Nicaragua,NIC,2005,71.935,1171,South America
828,Nicaragua,NIC,2010,73.699,1526,South America
829,Nicaragua,NIC,2014,74.884,1975,South America
830,Nicaragua,NIC,2015,75.149,2096,South America
831,Nicaragua,NIC,2016,75.404,2151,South America
832,Niger,NER,1985,41.24,221,Africa
833,Niger,NER,1995,46.659,188,Africa
834,Niger,NER,2005,53.127,247,Africa
835,Niger,NER,2010,56.838,348,Africa
836,Niger,NER,2014,59.228,430,Africa
837,Niger,NER,2015,59.667,363,Africa
838,Niger,NER,2016,60.058,364,Africa
839,Nigeria,NGA,1985,46.125,2139,Africa
840,Nigeria,NGA,1995,45.852,454,Africa
841,Nigeria,NGA,2005,48.246,1299,Africa
842,Nigeria,NGA,2010,50.847,2327,Africa
843,Nigeria,NGA,2014,52.549,3222,Africa
844,Nigeria,NGA,2015,52.985,2730,Africa
845,Nigeria,NGA,2016,53.428,2176,Africa
846,Northern Africa,,1985,61.447,1103,Africa
847,Northern Africa,,1995,65.496,1270,Africa
848,Northern Africa,,2005,68.779,1908,Africa
849,Northern Africa,,2010,70.399,3182,Africa
850,Northern Africa,,2014,71.43,3488,Africa
851,Northern Africa,,2015,71.65,3316,Africa
852,Northern Africa,,2016,71.858,3060,Africa
853,Northern America,,1985,74.826,17665,Northern America
854,Northern America,,1995,76.27,28030,Northern America
855,Northern America,,2005,77.914,43566,Northern America
856,Northern America,,2010,78.811,48365,Northern America
857,Northern America,,2014,79.395,54404,Northern America
858,Northern America,,2015,79.542,55286,Northern America
859,Northern America,,2016,79.692,56228,Northern America
860,Northern Europe,,1985,74.501,9782,Europe
861,Northern Europe,,1995,76.119,23258,Europe
862,Northern Europe,,2005,78.54,41341,Europe
863,Northern Europe,,2010,79.876,42431,Europe
864,Northern Europe,,2014,80.811,49894,Europe
865,Northern Europe,,2015,80.994,45744,Europe
866,Northern Europe,,2016,81.162,43520,Europe
867,Norway,NOR,1985,76.121,15751,Europe
868,Norway,NOR,1995,77.783,34813,Europe
869,Norway,NOR,2005,79.971,66645,Europe
870,Norway,NOR,2010,81.14,87831,Europe
871,Norway,NOR,2014,81.856,97142,Europe
872,Norway,NOR,2015,82.016,74361,Europe
873,Norway,NOR,2016,82.173,70617,Europe
874,Oceania,OC,1985,70.943,8664,Oceania
875,Oceania,OC,1995,73.634,16420,Oceania
876,Oceania,OC,2005,76.383,27109,Oceania
877,Oceania,OC,2010,77.513,40627,Oceania
878,Oceania,OC,2014,78.191,44112,Oceania
879,Oceania,OC,2015,78.356,37329,Oceania
880,Oceania,OC,2016,78.523,38561,Oceania
881,Oman,OMN,1985,63.915,6861,Africa
882,Oman,OMN,1995,69.771,6193,Africa
883,Oman,OMN,2005,74.231,12377,Africa
884,Oman,OMN,2010,75.694,19281,Africa
885,Oman,OMN,2014,76.578,20458,Africa
886,Oman,OMN,2015,76.801,16627,Africa
887,Oman,OMN,2016,77.029,14277,Africa
888,Pakistan,PAK,1985,58.545,421,Asia
889,Pakistan,PAK,1995,61.436,629,Asia
890,Pakistan,PAK,2005,63.836,765,Asia
891,Pakistan,PAK,2010,65.134,1023,Asia
892,Pakistan,PAK,2014,66.139,1342,Asia
893,Pakistan,PAK,2015,66.322,1413,Asia
894,Pakistan,PAK,2016,66.481,1462,Asia
895,Panama,PAN,1985,71.734,2580,South America
896,Panama,PAN,1995,74.09,3300,South America
897,Panama,PAN,2005,75.947,4643,South America
898,Panama,PAN,2010,76.828,7937,South America
899,Panama,PAN,2014,77.61,12594,South America
900,Panama,PAN,2015,77.806,13134,South America
901,Panama,PAN,2016,78.001,13680,South America
902,Papua New Guinea,PNG,1985,57.732,970,Oceania
903,Papua New Guinea,PNG,1995,60.418,1486,Oceania
904,Papua New Guinea,PNG,2005,63.433,1158,Oceania
905,Papua New Guinea,PNG,2010,64.634,1998,Oceania
906,Papua New Guinea,PNG,2014,65.23,2863,Oceania
907,Papua New Guinea,PNG,2015,65.384,2691,Oceania
908,Papua New Guinea,PNG,2016,65.544,2436,Oceania
909,Paraguay,PRY,1985,67.304,1094,South America
910,Paraguay,PRY,1995,68.911,1694,South America
911,Paraguay,PRY,2005,71.281,1507,South America
912,Paraguay,PRY,2010,72.285,3228,South America
913,Paraguay,PRY,2014,72.913,4713,South America
914,Paraguay,PRY,2015,73.023,4109,South America
915,Paraguay,PRY,2016,73.12,4039,South America
916,Peru,PER,1985,62.962,743,South America
917,Peru,PER,1995,68.026,2220,South America
918,Peru,PER,2005,72.473,2755,South America
919,Peru,PER,2010,73.681,5022,South America
920,Peru,PER,2014,74.518,6491,South America
921,Peru,PER,2015,74.747,6030,South America
922,Peru,PER,2016,74.983,6049,South America
923,Philippines,PHL,1985,63.798,627,Asia
924,Philippines,PHL,1995,66.265,1176,Asia
925,Philippines,PHL,2005,67.783,1195,Asia
926,Philippines,PHL,2010,68.32,2130,Asia
927,Philippines,PHL,2014,68.813,2843,Asia
928,Philippines,PHL,2015,68.951,2878,Asia
929,Philippines,PHL,2016,69.094,2951,Asia
930,Poland,POL,1985,70.702,1975,Europe
931,Poland,POL,1995,71.827,3696,Europe
932,Poland,POL,2005,75.112,7980,Europe
933,Poland,POL,2010,76.287,12507,Europe
934,Poland,POL,2014,77.264,14237,Europe
935,Poland,POL,2015,77.449,12475,Europe
936,Poland,POL,2016,77.614,12332,Europe
937,Polynesia,OWID_PYA,1985,65.821,4184,Oceania
938,Polynesia,OWID_PYA,1995,69.341,9689,Oceania
939,Polynesia,OWID_PYA,2005,72.402,11674,Oceania
940,Polynesia,OWID_PYA,2010,73.918,12636,Oceania
941,Polynesia,OWID_PYA,2014,74.871,12931,Oceania
942,Polynesia,OWID_PYA,2015,75.079,11183,Oceania
943,Polynesia,OWID_PYA,2016,75.279,11406,Oceania
944,Portugal,PRT,1985,73.376,2716,Europe
945,Portugal,PRT,1995,75.388,11639,Europe
946,Portugal,PRT,2005,78.46,18674,Europe
947,Portugal,PRT,2010,79.946,22371,Europe
948,Portugal,PRT,2014,80.827,21930,Europe
949,Portugal,PRT,2015,81.029,19141,Europe
950,Portugal,PRT,2016,81.23,19750,Europe
951,Puerto Rico,PRI,1985,74.333,6106,South America
952,Puerto Rico,PRI,1995,74.165,11721,South America
953,Puerto Rico,PRI,2005,77.356,22286,South America
954,Puerto Rico,PRI,2010,78.545,26470,South America
955,Puerto Rico,PRI,2014,79.539,27833,South America
956,Puerto Rico,PRI,2015,79.75,28076,South America
957,Puerto Rico,PRI,2016,79.948,28636,South America
958,Qatar,QAT,1985,74.017,16582,Asia
959,Qatar,QAT,1995,75.678,15660,Asia
960,Qatar,QAT,2005,76.754,50873,Asia
961,Qatar,QAT,2010,77.301,69466,Asia
962,Qatar,QAT,2014,77.888,86853,Asia
963,Qatar,QAT,2015,78.036,66347,Asia
964,Qatar,QAT,2016,78.184,59324,Asia
965,Romania,ROU,1985,69.634,2196,Europe
966,Romania,ROU,1995,69.526,1640,Europe
967,Romania,ROU,2005,72.27,4652,Europe
968,Romania,ROU,2010,74.026,8219,Europe
969,Romania,ROU,2014,75.122,9988,Europe
970,Romania,ROU,2015,75.297,8931,Europe
971,Romania,ROU,2016,75.443,9439,Europe
972,Rwanda,RWA,1985,50.948,296,Africa
973,Rwanda,RWA,1995,31.977,208,Africa
974,Rwanda,RWA,2005,55.43,287,Africa
975,Rwanda,RWA,2010,63.14,563,Africa
976,Rwanda,RWA,2014,66.188,707,Africa
977,Rwanda,RWA,2015,66.696,712,Africa
978,Rwanda,RWA,2016,67.129,711,Africa
979,Saint Lucia,LCA,1985,70.521,1970,Africa
980,Saint Lucia,LCA,1995,71.209,4199,Africa
981,Saint Lucia,LCA,2005,73.028,5714,Africa
982,Saint Lucia,LCA,2010,74.465,7210,Africa
983,Saint Lucia,LCA,2014,75.117,7962,Africa
984,Saint Lucia,LCA,2015,75.3,8184,Africa
985,Saint Lucia,LCA,2016,75.496,7848,Africa
986,Samoa,WSM,1985,62.265,532,Oceania
987,Samoa,WSM,1995,67.389,1151,Oceania
988,Samoa,WSM,2005,71.051,2414,Oceania
989,Samoa,WSM,2010,73.122,3648,Oceania
990,Samoa,WSM,2014,74.504,4286,Oceania
991,Samoa,WSM,2015,74.77,3995,Oceania
992,Samoa,WSM,2016,75.013,4214,Oceania
993,Sao Tome and Principe,STP,1985,60.969,759,Africa
994,Sao Tome and Principe,STP,1995,62.611,780,Africa
995,Sao Tome and Principe,STP,2005,64.641,811,Africa
996,Sao Tome and Principe,STP,2010,65.875,1130,Africa
997,Sao Tome and Principe,STP,2014,66.361,1824,Africa
998,Sao Tome and Principe,STP,2015,66.488,1615,Africa
999,Sao Tome and Principe,STP,2016,66.624,1715,Africa
1000,Saudi Arabia,SAU,1985,66.548,7877,Asia
1001,Saudi Arabia,SAU,1995,70.922,7641,Asia
1002,Saudi Arabia,SAU,2005,73.112,13740,Asia
1003,Saudi Arabia,SAU,2010,73.574,19260,Asia
1004,Saudi Arabia,SAU,2014,74.234,24575,Asia
1005,Saudi Arabia,SAU,2015,74.4,20653,Asia
1006,Saudi Arabia,SAU,2016,74.561,19817,Asia
1007,Senegal,SEN,1985,53.914,433,Africa
1008,Senegal,SEN,1995,57.405,557,Africa
1009,Senegal,SEN,2005,60.541,774,Africa
1010,Senegal,SEN,2010,64.177,1001,Africa
1011,Senegal,SEN,2014,66.376,1050,Africa
1012,Senegal,SEN,2015,66.784,913,Africa
1013,Senegal,SEN,2016,67.146,948,Africa
1014,Seychelles,SYC,1985,70.855,2922,Africa
1015,Seychelles,SYC,1995,70.879,8005,Africa
1016,Seychelles,SYC,2005,72.268,10357,Africa
1017,Seychelles,SYC,2010,72.592,10612,Africa
1018,Seychelles,SYC,2014,73.162,14401,Africa
1019,Seychelles,SYC,2015,73.349,14691,Africa
1020,Seychelles,SYC,2016,73.546,15217,Africa
1021,Sierra Leone,SLE,1985,40.312,362,Africa
1022,Sierra Leone,SLE,1995,35.729,276,Africa
1023,Sierra Leone,SLE,2005,43.624,292,Africa
1024,Sierra Leone,SLE,2010,48.224,399,Africa
1025,Sierra Leone,SLE,2014,50.951,708,Africa
1026,Sierra Leone,SLE,2015,51.423,582,Africa
1027,Sierra Leone,SLE,2016,51.835,497,Africa
1028,Singapore,SGP,1985,73.904,6858,Asia
1029,Singapore,SGP,1995,77.358,25265,Asia
1030,Singapore,SGP,2005,80.23,28372,Asia
1031,Singapore,SGP,2010,81.856,46592,Asia
1032,Singapore,SGP,2014,82.662,56559,Asia
1033,Singapore,SGP,2015,82.849,53626,Asia
1034,Singapore,SGP,2016,83.035,52814,Asia
1035,Slovakia,SVK,1995,72.137,3713,Europe
1036,Slovakia,SVK,2005,74.262,9069,Europe
1037,Slovakia,SVK,2010,75.56,16561,Europe
1038,Slovakia,SVK,2014,76.55,18581,Europe
1039,Slovakia,SVK,2015,76.714,16087,Europe
1040,Slovakia,SVK,2016,76.852,16489,Europe
1041,Slovenia,SVN,1995,74.473,10683,Europe
1042,Slovenia,SVN,2005,77.581,18206,Europe
1043,Slovenia,SVN,2010,79.509,23477,Europe
1044,Slovenia,SVN,2014,80.61,24099,Europe
1045,Slovenia,SVN,2015,80.798,20760,Europe
1046,Slovenia,SVN,2016,80.963,21517,Europe
1047,Solomon Islands,SLB,1985,57.162,591,Oceania
1048,Solomon Islands,SLB,1995,59.822,1015,Oceania
1049,Solomon Islands,SLB,2005,66.104,914,Oceania
1050,Solomon Islands,SLB,2010,68.572,1363,Oceania
1051,Solomon Islands,SLB,2014,70.113,1913,Oceania
1052,Solomon Islands,SLB,2015,70.43,1804,Oceania
1053,Solomon Islands,SLB,2016,70.726,1892,Oceania
1054,Somalia,SOM,1985,46.142,119,Africa
1055,Somalia,SOM,1995,47.148,146,Africa
1056,Somalia,SOM,2005,52.344,222,Africa
1057,Somalia,SOM,2010,53.986,89,Africa
1058,Somalia,SOM,2014,55.467,102,Africa
1059,Somalia,SOM,2015,55.876,96,Africa
1060,Somalia,SOM,2016,56.293,92,Africa
1061,South Africa,ZAF,1985,59.668,1768,Africa
1062,South Africa,ZAF,1995,61.226,3741,Africa
1063,South Africa,ZAF,2005,52.567,5280,Africa
1064,South Africa,ZAF,2010,55.888,7276,Africa
1065,South Africa,ZAF,2014,60.993,6433,Africa
1066,South Africa,ZAF,2015,61.981,5741,Africa
1067,South Africa,ZAF,2016,62.774,5274,Africa
1068,South America,SA,1985,65.288,1701,South America
1069,South America,SA,1995,68.828,4433,South America
1070,South America,SA,2005,72.51,4460,South America
1071,South America,SA,2010,73.88,9716,South America
1072,South America,SA,2014,74.841,10820,South America
1073,South America,SA,2015,75.059,8956,South America
1074,South America,SA,2016,75.272,8504,South America
1075,South Sudan,SSD,2010,53.655,1510,Africa
1076,South Sudan,SSD,2014,55.817,1374,Africa
1077,South Sudan,SSD,2015,56.322,1128,Africa
1078,South Sudan,SSD,2016,56.811,534,Africa
1079,Southern Africa,SAF,1985,59.512,1645,Africa
1080,Southern Africa,SAF,1995,60.693,3518,Africa
1081,Southern Africa,SAF,2005,52.212,5013,Africa
1082,Southern Africa,SAF,2010,55.798,6884,Africa
1083,Southern Africa,SAF,2014,60.784,6188,Africa
1084,Southern Africa,SAF,2015,61.75,5517,Africa
1085,Southern Africa,SAF,2016,62.528,5105,Africa
1086,Southern Asia,SAS,1985,55.9,346,Asia
1087,Southern Asia,SAS,1995,60.846,463,Asia
1088,Southern Asia,SAS,2005,64.977,795,Asia
1089,Southern Asia,SAS,2010,66.953,1480,Asia
1090,Southern Asia,SAS,2014,68.311,1684,Asia
1091,Southern Asia,SAS,2015,68.586,1709,Asia
1092,Southern Asia,SAS,2016,68.84,1797,Asia
1093,Southern Europe,SE,1985,74.727,5514,Europe
1094,Southern Europe,SE,1995,76.819,14667,Europe
1095,Southern Europe,SE,2005,79.402,23983,Europe
1096,Southern Europe,SE,2010,80.581,27967,Europe
1097,Southern Europe,SE,2014,81.375,27611,Europe
1098,Southern Europe,SE,2015,81.557,23736,Europe
1099,Southern Europe,SE,2016,81.732,24281,Europe
1100,Spain,ESP,1985,76.545,4643,Europe
1101,Spain,ESP,1995,78.167,15366,Europe
1102,Spain,ESP,2005,80.545,26276,Europe
1103,Spain,ESP,2010,81.898,30598,Europe
1104,Spain,ESP,2014,82.802,29597,Europe
1105,Spain,ESP,2015,82.983,25816,Europe
1106,Spain,ESP,2016,83.148,26695,Europe
1107,Sri Lanka,LKA,1985,69.079,425,Asia
1108,Sri Lanka,LKA,1995,69.31,838,Asia
1109,Sri Lanka,LKA,2005,73.896,1431,Asia
1110,Sri Lanka,LKA,2010,74.352,2808,Asia
1111,Sri Lanka,LKA,2014,74.906,3848,Asia
1112,Sri Lanka,LKA,2015,75.088,3892,Asia
1113,Sri Lanka,LKA,2016,75.284,3910,Asia
1114,Sub-Saharan Africa,SSA,1985,48.778,873,Africa
1115,Sub-Saharan Africa,SSA,1995,49.007,662,Africa
1116,Sub-Saharan Africa,SSA,2005,52.326,1026,Africa
1117,Sub-Saharan Africa,SSA,2010,56.162,1540,Africa
1118,Sub-Saharan Africa,SSA,2014,58.727,1831,Africa
1119,Sub-Saharan Africa,SSA,2015,59.252,1594,Africa
1120,Sub-Saharan Africa,SSA,2016,59.729,1451,Africa
1121,Sudan,SDN,2010,62.62,1584,Africa
1122,Sudan,SDN,2014,64.002,1838,Africa
1123,Sudan,SDN,2015,64.257,2058,Africa
1124,Sudan,SDN,2016,64.486,2094,Africa
1125,Suriname,SUR,1985,66.902,3221,South America
1126,Suriname,SUR,1995,67.722,1903,South America
1127,Suriname,SUR,2005,68.768,4395,South America
1128,Suriname,SUR,2010,70.335,8303,South America
1129,Suriname,SUR,2014,71.138,9565,South America
1130,Suriname,SUR,2015,71.279,8725,South America
1131,Suriname,SUR,2016,71.405,5871,South America
1132,Sweden,SWE,1985,76.781,13462,Europe
1133,Sweden,SWE,1995,78.743,29882,Europe
1134,Sweden,SWE,2005,80.596,43042,Europe
1135,Sweden,SWE,2010,81.486,52009,Europe
1136,Sweden,SWE,2014,82.136,59221,Europe
1137,Sweden,SWE,2015,82.299,50998,Europe
1138,Sweden,SWE,2016,82.462,52297,Europe
1139,Switzerland,CHE,1985,76.676,16692,Europe
1140,Switzerland,CHE,1995,78.537,48817,Europe
1141,Switzerland,CHE,2005,81.163,55153,Europe
1142,Switzerland,CHE,2010,82.27,74538,Europe
1143,Switzerland,CHE,2014,82.968,86174,Europe
1144,Switzerland,CHE,2015,83.139,81648,Europe
1145,Switzerland,CHE,2016,83.308,79609,Europe
1146,Tajikistan,TJK,1995,63.185,211,Asia
1147,Tajikistan,TJK,2005,67.607,337,Asia
1148,Tajikistan,TJK,2010,69.644,738,Asia
1149,Tajikistan,TJK,2014,70.69,1105,Asia
1150,Tajikistan,TJK,2015,70.879,919,Asia
1151,Tajikistan,TJK,2016,71.051,796,Asia
1152,Thailand,THA,1985,67.911,773,Asia
1153,Thailand,THA,1995,70.192,2841,Asia
1154,Thailand,THA,2005,72.149,2894,Asia
1155,Thailand,THA,2010,73.923,5075,Asia
1156,Thailand,THA,2014,74.895,5942,Asia
1157,Thailand,THA,2015,75.103,5815,Asia
1158,Thailand,THA,2016,75.303,5911,Asia
1159,Togo,TGO,1985,54.673,264,Africa
1160,Togo,TGO,1995,54.756,389,Africa
1161,Togo,TGO,2005,54.598,401,Africa
1162,Togo,TGO,2010,57.465,527,Africa
1163,Togo,TGO,2014,59.601,632,Africa
1164,Togo,TGO,2015,59.949,563,Africa
1165,Togo,TGO,2016,60.232,585,Africa
1166,Tonga,TON,1985,68.716,779,Africa
1167,Tonga,TON,1995,70.164,2115,Africa
1168,Tonga,TON,2005,71.504,2589,Africa
1169,Tonga,TON,2010,72.173,3590,Africa
1170,Tonga,TON,2014,72.732,4118,Africa
1171,Tonga,TON,2015,72.88,3778,Africa
1172,Tonga,TON,2016,73.029,3748,Africa
1173,Trinidad and Tobago,TTO,1985,67.523,6299,Africa
1174,Trinidad and Tobago,TTO,1995,68.344,4246,Africa
1175,Trinidad and Tobago,TTO,2005,68.927,12323,Africa
1176,Trinidad and Tobago,TTO,2010,69.756,16658,Africa
1177,Trinidad and Tobago,TTO,2014,70.426,20131,Africa
1178,Trinidad and Tobago,TTO,2015,70.556,19056,Africa
1179,Trinidad and Tobago,TTO,2016,70.673,17646,Africa
1180,Tunisia,TUN,1985,65.834,1261,Africa
1181,Tunisia,TUN,1995,71.496,2172,Africa
1182,Tunisia,TUN,2005,74.2,3194,Africa
1183,Tunisia,TUN,2010,74.793,4140,Africa
1184,Tunisia,TUN,2014,75.335,4272,Africa
1185,Tunisia,TUN,2015,75.525,3815,Africa
1186,Tunisia,TUN,2016,75.731,3657,Africa
1187,Turkey,TUR,1985,61.682,1884,Europe
1188,Turkey,TUR,1995,66.963,3985,Europe
1189,Turkey,TUR,2005,72.481,7384,Europe
1190,Turkey,TUR,2010,74.154,10672,Europe
1191,Turkey,TUR,2014,75.239,12127,Europe
1192,Turkey,TUR,2015,75.498,10985,Europe
1193,Turkey,TUR,2016,75.755,10863,Europe
1194,Turkmenistan,TKM,1995,62.85,520,Asia
1195,Turkmenistan,TKM,2005,65.017,2983,Asia
1196,Turkmenistan,TKM,2010,66.657,4439,Asia
1197,Turkmenistan,TKM,2014,67.552,7962,Asia
1198,Turkmenistan,TKM,2015,67.704,6478,Asia
1199,Turkmenistan,TKM,2016,67.835,6389,Asia
1200,Uganda,UGA,1985,48.104,324,Africa
1201,Uganda,UGA,1995,44.22,348,Africa
1202,Uganda,UGA,2005,52.64,391,Africa
1203,Uganda,UGA,2010,57.153,584,Africa
1204,Uganda,UGA,2014,59.224,720,Africa
1205,Uganda,UGA,2015,59.575,628,Africa
1206,Uganda,UGA,2016,59.889,610,Africa
1207,Ukraine,UKR,1995,67.895,990,Europe
1208,Ukraine,UKR,2005,67.435,1903,Europe
1209,Ukraine,UKR,2010,69.457,2970,Europe
1210,Ukraine,UKR,2014,71.491,2974,Europe
1211,Ukraine,UKR,2015,71.768,2038,Europe
1212,Ukraine,UKR,2016,71.96,2099,Europe
1213,United Arab Emirates,ARE,1985,69.845,29571,Asia
1214,United Arab Emirates,ARE,1995,72.943,27198,Asia
1215,United Arab Emirates,ARE,2005,75.422,39955,Asia
1216,United Arab Emirates,ARE,2010,76.344,35038,Asia
1217,United Arab Emirates,ARE,2014,76.948,44443,Asia
1218,United Arab Emirates,ARE,2015,77.101,39122,Asia
1219,United Arab Emirates,ARE,2016,77.256,37622,Asia
1220,United Kingdom,GBR,1985,74.668,8665,Europe
1221,United Kingdom,GBR,1995,76.695,23031,Europe
1222,United Kingdom,GBR,2005,79.049,41812,Europe
1223,United Kingdom,GBR,2010,80.366,38561,Europe
1224,United Kingdom,GBR,2014,81.234,46494,Europe
1225,United Kingdom,GBR,2015,81.406,44124,Europe
1226,United Kingdom,GBR,2016,81.565,40249,Europe
1227,Uruguay,URY,1985,71.584,1735,South America
1228,Uruguay,URY,1995,73.613,6609,South America
1229,Uruguay,URY,2005,75.792,5221,South America
1230,Uruguay,URY,2010,76.588,11938,South America
1231,Uruguay,URY,2014,77.19,16738,South America
1232,Uruguay,URY,2015,77.341,15525,South America
1233,Uruguay,URY,2016,77.493,15221,South America
1234,Uzbekistan,UZB,1995,66.396,589,Asia
1235,Uzbekistan,UZB,2005,68.367,543,Asia
1236,Uzbekistan,UZB,2010,70.005,1382,Asia
1237,Uzbekistan,UZB,2014,71.039,2081,Asia
1238,Uzbekistan,UZB,2015,71.192,2176,Asia
1239,Uzbekistan,UZB,2016,71.314,2155,Asia
1240,Vanuatu,VUT,1985,60.916,1020,Oceania
1241,Vanuatu,VUT,1995,65.345,1621,Oceania
1242,Vanuatu,VUT,2005,69.221,1886,Oceania
1243,Vanuatu,VUT,2010,70.721,2966,Oceania
1244,Vanuatu,VUT,2014,71.709,3148,Oceania
1245,Vanuatu,VUT,2015,71.925,2899,Oceania
1246,Vanuatu,VUT,2016,72.133,3097,Oceania
1247,Western Africa,WAF,1985,47.339,1325,Africa
1248,Western Africa,WAF,1995,48.118,469,Africa
1249,Western Africa,WAF,2005,50.713,955,Africa
1250,Western Africa,WAF,2010,53.598,1603,Africa
1251,Western Africa,WAF,2014,55.431,2133,Africa
1252,Western Africa,WAF,2015,55.869,1831,Africa
1253,Western Africa,WAF,2016,56.303,1570,Africa
1254,Western Asia,WAS,1985,64.006,2967,Asia
1255,Western Asia,WAS,1995,68.247,3959,Asia
1256,Western Asia,WAS,2005,71.515,7269,Asia
1257,Western Asia,WAS,2010,72.41,10872,Asia
1258,Western Asia,WAS,2014,73.103,13344,Asia
1259,Western Asia,WAS,2015,73.322,11514,Asia
1260,Western Asia,WAS,2016,73.56,11122,Asia
1261,Western Europe,WE,1985,74.854,9786,Europe
1262,Western Europe,WE,1995,77.12,30432,Europe
1263,Western Europe,WE,2005,79.585,36704,Europe
1264,Western Europe,WE,2010,80.662,44223,Europe
1265,Western Europe,WE,2014,81.341,48491,Europe
1266,Western Europe,WE,2015,81.507,41979,Europe
1267,Western Europe,WE,2016,81.673,42669,Europe
1268,Yemen,YEM,1995,59.275,387,Asia
1269,Yemen,YEM,2005,61.857,925,Asia
1270,Yemen,YEM,2010,63.508,1230,Asia
1271,Yemen,YEM,2014,64.523,1273,Asia
1272,Yemen,YEM,2015,64.743,999,Asia
1273,Yemen,YEM,2016,64.953,920,Asia
1274,Zambia,ZMB,1985,48.661,399,Africa
1275,Zambia,ZMB,1995,43.166,417,Africa
1276,Zambia,ZMB,2005,49.63,691,Africa
1277,Zambia,ZMB,2010,56.588,1463,Africa
1278,Zambia,ZMB,2014,60.775,1738,Africa
1279,Zambia,ZMB,2015,61.397,1319,Africa
1280,Zambia,ZMB,2016,61.874,1270,Africa
1281,Zimbabwe,ZWE,1985,60.999,872,Africa
1282,Zimbabwe,ZWE,1995,50.811,846,Africa
1283,Zimbabwe,ZWE,2005,45.282,481,Africa
1284,Zimbabwe,ZWE,2010,52.975,714,Africa
1285,Zimbabwe,ZWE,2014,59.36,1027,Africa
1286,Zimbabwe,ZWE,2015,60.398,1019,Africa
1287,Zimbabwe,ZWE,2016,61.163,998,Africa
